chunk_id,source_file,page_number,char_count,token_count
0,special/foreword.md,0,999,236
1,special/warning_signs.md,1,1181,407
2,special/table_of_contents.md,3,2175,796
3,sections/00_front_matter.md,2,593,240
4,sections/01_1_exterior_view.md,7,106,56
5,sections/01_1_exterior_view.md,7,105,61
6,sections/01_1_exterior_view.md,7,105,62
7,sections/02_2_tractor_identification.md,10,188,78
8,sections/02_2_tractor_identification.md,10,148,34
9,sections/02_2_tractor_identification.md,10,325,69
10,sections/03_3_about_this_manual.md,11,1490,309
11,sections/04_4_introduction_description.md,12,1909,493
12,sections/05_5_owner_assistance.md,14,1720,406
13,sections/06_6_rops_roll_over_protective_structure.md,15,1362,375
14,sections/06_6_rops_roll_over_protective_structure.md,15,858,212
15,sections/06_6_rops_roll_over_protective_structure.md,15,1196,381
16,sections/06_6_rops_roll_over_protective_structure.md,15,91,54
17,sections/07_7_seat_adjustment.md,17,888,253
18,sections/07_7_seat_adjustment.md,17,627,258
19,sections/08_1_safety_instructions.md,19,275,87
20,sections/08_1_safety_instructions.md,19,548,226
21,sections/08_1_safety_instructions.md,19,528,145
22,sections/08_1_safety_instructions.md,19,284,94
23,sections/08_1_safety_instructions.md,19,873,246
24,sections/08_1_safety_instructions.md,19,409,130
25,sections/08_1_safety_instructions.md,19,220,90
26,sections/08_1_safety_instructions.md,19,258,99
27,sections/08_1_safety_instructions.md,19,374,124
28,sections/08_1_safety_instructions.md,19,374,119
29,sections/08_1_safety_instructions.md,19,384,122
30,sections/08_1_safety_instructions.md,19,802,222
31,sections/08_1_safety_instructions.md,19,355,108
32,sections/08_1_safety_instructions.md,19,278,99
33,sections/08_1_safety_instructions.md,19,649,190
34,sections/08_1_safety_instructions.md,19,309,97
35,sections/08_1_safety_instructions.md,19,343,111
36,sections/08_1_safety_instructions.md,19,379,113
37,sections/08_1_safety_instructions.md,19,425,96
38,sections/08_1_safety_instructions.md,19,401,120
39,sections/08_1_safety_instructions.md,19,365,121
40,sections/08_1_safety_instructions.md,19,1605,570
41,sections/08_1_safety_instructions.md,19,934,246
42,sections/08_1_safety_instructions.md,19,412,109
43,sections/08_1_safety_instructions.md,19,396,127
44,sections/08_1_safety_instructions.md,19,584,164
45,sections/08_1_safety_instructions.md,19,2575,655
46,sections/09_2_safe_operation_of_your_tractor.md,32,1824,407
47,sections/09_2_safe_operation_of_your_tractor.md,32,10124,2347
48,sections/10_3_dos_don_ts.md,39,1270,292
49,sections/10_3_dos_don_ts.md,39,1142,330
50,sections/11_4_safety_decals.md,41,927,273
51,sections/11_4_safety_decals.md,41,3607,1051
52,sections/12_5_universal_symbols.md,46,14765,8370
53,sections/13_1_switches.md,49,100,59
54,sections/13_1_switches.md,49,481,147
55,sections/13_1_switches.md,49,1483,422
56,sections/13_1_switches.md,49,448,137
57,sections/13_1_switches.md,49,571,158
58,sections/13_1_switches.md,49,297,101
59,sections/13_1_switches.md,49,694,184
60,sections/13_1_switches.md,49,2410,863
61,sections/14_2_cluster_gauges.md,55,1042,461
62,sections/14_2_cluster_gauges.md,55,311,110
63,sections/14_2_cluster_gauges.md,55,377,124
64,sections/14_2_cluster_gauges.md,55,143,65
65,sections/14_2_cluster_gauges.md,55,239,85
66,sections/14_2_cluster_gauges.md,55,378,118
67,sections/14_2_cluster_gauges.md,55,402,129
68,sections/14_2_cluster_gauges.md,55,233,88
69,sections/14_2_cluster_gauges.md,55,494,154
70,sections/14_2_cluster_gauges.md,55,248,110
71,sections/14_2_cluster_gauges.md,55,431,181
72,sections/14_2_cluster_gauges.md,55,753,282
73,sections/14_2_cluster_gauges.md,55,397,174
74,sections/14_2_cluster_gauges.md,55,357,167
75,sections/14_2_cluster_gauges.md,55,182,79
76,sections/14_2_cluster_gauges.md,55,426,168
77,sections/14_2_cluster_gauges.md,55,1168,393
78,sections/14_2_cluster_gauges.md,55,582,199
79,sections/14_2_cluster_gauges.md,55,582,198
80,sections/14_2_cluster_gauges.md,55,841,305
81,sections/14_2_cluster_gauges.md,55,34,14
82,sections/14_2_cluster_gauges.md,55,354,153
83,sections/14_2_cluster_gauges.md,55,479,167
84,sections/14_2_cluster_gauges.md,55,382,135
85,sections/14_2_cluster_gauges.md,55,362,132
86,sections/14_2_cluster_gauges.md,55,628,257
87,sections/15_3_control_instruments.md,66,173,107
88,sections/15_3_control_instruments.md,66,300,111
89,sections/15_3_control_instruments.md,66,554,176
90,sections/15_3_control_instruments.md,66,590,180
91,sections/15_3_control_instruments.md,66,251,97
92,sections/15_3_control_instruments.md,66,729,258
93,sections/15_3_control_instruments.md,66,622,258
94,sections/15_3_control_instruments.md,66,298,120
95,sections/15_3_control_instruments.md,66,417,133
96,sections/15_3_control_instruments.md,66,343,117
97,sections/15_3_control_instruments.md,66,676,218
98,sections/15_3_control_instruments.md,66,1189,320
99,sections/15_3_control_instruments.md,66,1560,596
100,sections/15_3_control_instruments.md,66,612,199
101,sections/15_3_control_instruments.md,66,295,109
102,sections/15_3_control_instruments.md,66,250,107
103,sections/15_3_control_instruments.md,66,411,139
104,sections/15_3_control_instruments.md,66,414,143
105,sections/15_3_control_instruments.md,66,2177,562
106,sections/15_3_control_instruments.md,66,1131,318
107,sections/15_3_control_instruments.md,66,5015,1395
108,sections/15_3_control_instruments.md,66,358,146
109,sections/15_3_control_instruments.md,66,197,88
110,sections/15_3_control_instruments.md,66,197,86
111,sections/15_3_control_instruments.md,66,419,131
112,sections/15_3_control_instruments.md,66,972,269
113,sections/15_3_control_instruments.md,66,376,121
114,sections/15_3_control_instruments.md,66,652,243
115,sections/15_3_control_instruments.md,66,642,224
116,sections/15_3_control_instruments.md,66,1573,512
117,sections/15_3_control_instruments.md,66,299,113
118,sections/15_3_control_instruments.md,66,458,176
119,sections/15_3_control_instruments.md,66,225,94
120,sections/15_3_control_instruments.md,66,201,83
121,sections/16_4_three_point_linkage.md,86,110,61
122,sections/16_4_three_point_linkage.md,86,495,179
123,sections/16_4_three_point_linkage.md,86,262,89
124,sections/16_4_three_point_linkage.md,86,136,65
125,sections/16_4_three_point_linkage.md,86,513,175
126,sections/16_4_three_point_linkage.md,86,536,165
127,sections/16_4_three_point_linkage.md,86,302,104
128,sections/16_4_three_point_linkage.md,86,737,280
129,sections/16_4_three_point_linkage.md,86,949,478
130,sections/17_5_cabin.md,91,100,60
131,sections/17_5_cabin.md,91,91,54
132,sections/17_5_cabin.md,91,98,58
133,sections/17_5_cabin.md,91,869,268
134,sections/17_5_cabin.md,91,538,198
135,sections/17_5_cabin.md,91,187,72
136,sections/17_5_cabin.md,91,246,102
137,sections/18_1_windshield_wiper_switch.md,94,516,132
138,sections/19_3_front_rear_work_lamp_switch.md,94,650,198
139,sections/19_3_front_rear_work_lamp_switch.md,94,334,107
140,sections/19_3_front_rear_work_lamp_switch.md,94,265,93
141,sections/19_3_front_rear_work_lamp_switch.md,94,2135,628
142,sections/19_3_front_rear_work_lamp_switch.md,94,1357,418
143,sections/19_3_front_rear_work_lamp_switch.md,94,298,107
144,sections/19_3_front_rear_work_lamp_switch.md,94,1475,465
145,sections/19_3_front_rear_work_lamp_switch.md,94,652,214
146,sections/19_3_front_rear_work_lamp_switch.md,94,868,324
147,sections/20_1_start_stop_of_engine.md,101,1461,369
148,sections/20_1_start_stop_of_engine.md,101,392,125
149,sections/20_1_start_stop_of_engine.md,101,321,81
150,sections/20_1_start_stop_of_engine.md,101,589,151
151,sections/20_1_start_stop_of_engine.md,101,646,220
152,sections/21_2_operating_tractor.md,103,436,101
153,sections/21_2_operating_tractor.md,103,631,176
154,sections/21_2_operating_tractor.md,103,724,234
155,sections/21_2_operating_tractor.md,103,575,198
156,sections/21_2_operating_tractor.md,103,296,74
157,sections/21_2_operating_tractor.md,103,775,242
158,sections/21_2_operating_tractor.md,103,700,203
159,sections/21_2_operating_tractor.md,103,313,84
160,sections/21_2_operating_tractor.md,103,679,189
161,sections/22_3_operation_of_pto.md,106,363,81
162,sections/22_3_operation_of_pto.md,106,788,298
163,sections/22_3_operation_of_pto.md,106,2224,666
164,sections/23_4_operation_of_dpf.md,108,99,56
165,sections/23_4_operation_of_dpf.md,108,2590,1425
166,sections/24_5_implements.md,110,859,198
167,sections/24_5_implements.md,110,758,177
168,sections/24_5_implements.md,110,795,199
169,sections/25_6_towing_the_tractor.md,111,1161,392
170,sections/25_6_towing_the_tractor.md,111,2111,573
171,sections/25_6_towing_the_tractor.md,111,424,129
172,sections/26_7_checks_during_driving.md,113,141,36
173,sections/26_7_checks_during_driving.md,113,260,98
174,sections/26_7_checks_during_driving.md,113,317,104
175,sections/26_7_checks_during_driving.md,113,344,111
176,sections/26_7_checks_during_driving.md,113,554,193
177,sections/26_7_checks_during_driving.md,113,619,179
178,sections/27_8_work_procedures.md,115,1057,270
179,sections/27_8_work_procedures.md,115,651,191
180,sections/28_1_sequential_returning_plowing_pattern.md,116,660,194
181,sections/29_2_alternating_returning_plowing_pattern.md,117,607,172
182,sections/30_3_land_leveling_pattern.md,118,2270,793
183,sections/31_9_operation_tips.md,121,682,171
184,sections/31_9_operation_tips.md,121,435,106
185,sections/31_9_operation_tips.md,121,298,77
186,sections/31_9_operation_tips.md,121,257,62
187,sections/31_9_operation_tips.md,121,2623,769
188,sections/31_9_operation_tips.md,121,552,154
189,sections/31_9_operation_tips.md,121,402,96
190,sections/31_9_operation_tips.md,121,1490,762
191,sections/32_1_maintenance_schedule.md,127,3745,1915
192,sections/33_2_opening_covers.md,129,380,151
193,sections/34_3_check_servicing_for_each_part.md,130,1196,283
194,sections/34_3_check_servicing_for_each_part.md,130,1460,462
195,sections/34_3_check_servicing_for_each_part.md,130,424,139
196,sections/34_3_check_servicing_for_each_part.md,130,231,93
197,sections/34_3_check_servicing_for_each_part.md,130,1596,535
198,sections/34_3_check_servicing_for_each_part.md,130,1283,358
199,sections/34_3_check_servicing_for_each_part.md,130,1660,577
200,sections/34_3_check_servicing_for_each_part.md,130,632,192
201,sections/34_3_check_servicing_for_each_part.md,130,562,176
202,sections/34_3_check_servicing_for_each_part.md,130,576,173
203,sections/34_3_check_servicing_for_each_part.md,130,345,142
204,sections/34_3_check_servicing_for_each_part.md,130,504,207
205,sections/34_3_check_servicing_for_each_part.md,130,345,83
206,sections/34_3_check_servicing_for_each_part.md,130,741,178
207,sections/34_3_check_servicing_for_each_part.md,130,569,131
208,sections/34_3_check_servicing_for_each_part.md,130,842,307
209,sections/34_3_check_servicing_for_each_part.md,130,3552,1281
210,sections/34_3_check_servicing_for_each_part.md,130,1056,294
211,sections/34_3_check_servicing_for_each_part.md,130,427,141
212,sections/34_3_check_servicing_for_each_part.md,130,240,62
213,sections/34_3_check_servicing_for_each_part.md,130,1979,524
214,sections/34_3_check_servicing_for_each_part.md,130,959,263
215,sections/34_3_check_servicing_for_each_part.md,130,466,116
216,sections/34_3_check_servicing_for_each_part.md,130,1412,425
217,sections/34_3_check_servicing_for_each_part.md,130,1235,422
218,sections/34_3_check_servicing_for_each_part.md,130,248,98
219,sections/34_3_check_servicing_for_each_part.md,130,300,103
220,sections/34_3_check_servicing_for_each_part.md,130,341,113
221,sections/34_3_check_servicing_for_each_part.md,130,553,130
222,sections/34_3_check_servicing_for_each_part.md,130,599,191
223,sections/34_3_check_servicing_for_each_part.md,130,398,138
224,sections/34_3_check_servicing_for_each_part.md,130,321,142
225,sections/35_3_greasing_each_part.md,150,316,117
226,sections/35_3_greasing_each_part.md,150,139,41
227,sections/36_4_inspecting_electro_hydraulic_system.md,151,710,182
228,sections/36_4_inspecting_electro_hydraulic_system.md,151,1314,331
229,sections/36_4_inspecting_electro_hydraulic_system.md,151,1749,746
230,sections/36_4_inspecting_electro_hydraulic_system.md,151,2206,577
231,sections/37_5_storing_the_tractor.md,156,571,140
232,sections/37_5_storing_the_tractor.md,156,1226,307
233,sections/37_5_storing_the_tractor.md,156,782,254
234,sections/37_5_storing_the_tractor.md,156,945,268
235,sections/38_1_before_using_the_product.md,159,880,178
236,sections/38_1_before_using_the_product.md,159,1908,718
237,sections/39_2_utilization_of_app.md,162,1132,330
238,sections/39_2_utilization_of_app.md,162,480,145
239,sections/39_2_utilization_of_app.md,162,1767,533
240,sections/39_2_utilization_of_app.md,162,584,189
241,sections/39_2_utilization_of_app.md,162,577,169
242,sections/40_3_phone_call_functions.md,166,412,124
243,sections/40_3_phone_call_functions.md,166,303,106
244,sections/40_3_phone_call_functions.md,166,349,117
245,sections/40_3_phone_call_functions.md,166,1254,396
246,sections/40_3_phone_call_functions.md,166,235,100
247,sections/40_3_phone_call_functions.md,166,292,109
248,sections/41_4_status_of_the_tractor.md,170,703,198
249,sections/41_4_status_of_the_tractor.md,170,420,136
250,sections/41_4_status_of_the_tractor.md,170,1678,507
251,sections/41_4_status_of_the_tractor.md,170,1724,574
252,sections/42_5_system_setting.md,175,387,120
253,sections/42_5_system_setting.md,175,914,311
254,sections/42_5_system_setting.md,175,1208,383
255,sections/42_5_system_setting.md,175,285,87
256,sections/42_5_system_setting.md,175,558,216
257,sections/43_1_introduction.md,181,248,87
258,sections/44_2_sign_up_login.md,182,257,127
259,sections/44_2_sign_up_login.md,182,189,78
260,sections/44_2_sign_up_login.md,182,197,75
261,sections/44_2_sign_up_login.md,182,143,32
262,sections/44_2_sign_up_login.md,182,122,28
263,sections/44_2_sign_up_login.md,182,114,27
264,sections/44_2_sign_up_login.md,182,386,158
265,sections/44_2_sign_up_login.md,182,424,191
266,sections/44_2_sign_up_login.md,182,88,21
267,sections/44_2_sign_up_login.md,182,224,48
268,sections/44_2_sign_up_login.md,182,170,37
269,sections/44_2_sign_up_login.md,182,70,19
270,sections/44_2_sign_up_login.md,182,196,76
271,sections/44_2_sign_up_login.md,182,295,98
272,sections/44_2_sign_up_login.md,182,366,145
273,sections/44_2_sign_up_login.md,182,149,69
274,sections/44_2_sign_up_login.md,182,143,65
275,sections/44_2_sign_up_login.md,182,468,178
276,sections/45_3_home_menu.md,189,92,51
277,sections/45_3_home_menu.md,189,209,37
278,sections/45_3_home_menu.md,189,493,210
279,sections/45_3_home_menu.md,189,52,14
280,sections/45_3_home_menu.md,189,697,153
281,sections/45_3_home_menu.md,189,143,62
282,sections/45_3_home_menu.md,189,231,86
283,sections/45_3_home_menu.md,189,159,71
284,sections/45_3_home_menu.md,189,486,145
285,sections/45_3_home_menu.md,189,252,97
286,sections/45_3_home_menu.md,189,196,87
287,sections/45_3_home_menu.md,189,203,80
288,sections/45_3_home_menu.md,189,159,70
289,sections/45_3_home_menu.md,189,362,149
290,sections/45_3_home_menu.md,189,435,163
291,sections/46_4_status_of_machine.md,197,852,256
292,sections/46_4_status_of_machine.md,197,218,90
293,sections/46_4_status_of_machine.md,197,433,131
294,sections/46_4_status_of_machine.md,197,397,191
295,sections/46_4_status_of_machine.md,197,397,184
296,sections/46_4_status_of_machine.md,197,355,123
297,sections/46_4_status_of_machine.md,197,281,105
298,sections/46_4_status_of_machine.md,197,143,67
299,sections/47_5_machine_management.md,201,209,75
300,sections/47_5_machine_management.md,201,185,44
301,sections/47_5_machine_management.md,201,73,18
302,sections/47_5_machine_management.md,201,90,25
303,sections/47_5_machine_management.md,201,421,165
304,sections/47_5_machine_management.md,201,79,23
305,sections/47_5_machine_management.md,201,239,87
306,sections/47_5_machine_management.md,201,199,77
307,sections/48_6_work_sheet.md,204,398,171
308,sections/48_6_work_sheet.md,204,60,14
309,sections/48_6_work_sheet.md,204,50,15
310,sections/48_6_work_sheet.md,204,51,13
311,sections/48_6_work_sheet.md,204,66,19
312,sections/48_6_work_sheet.md,204,58,13
313,sections/48_6_work_sheet.md,204,368,95
314,sections/48_6_work_sheet.md,204,1351,654
315,sections/48_6_work_sheet.md,204,1212,601
316,sections/49_7_menu_more.md,208,327,99
317,sections/49_7_menu_more.md,208,678,169
318,sections/49_7_menu_more.md,208,292,111
319,sections/49_7_menu_more.md,208,94,56
320,sections/49_7_menu_more.md,208,59,12
321,sections/49_7_menu_more.md,208,84,20
322,sections/49_7_menu_more.md,208,54,13
323,sections/49_7_menu_more.md,208,244,92
324,sections/49_7_menu_more.md,208,149,74
325,sections/49_7_menu_more.md,208,346,114
326,sections/49_7_menu_more.md,208,227,85
327,sections/49_7_menu_more.md,208,395,132
328,sections/49_7_menu_more.md,208,178,77
329,sections/49_7_menu_more.md,208,293,101
330,sections/49_7_menu_more.md,208,182,81
331,sections/49_7_menu_more.md,208,371,119
332,sections/49_7_menu_more.md,208,173,70
333,sections/49_7_menu_more.md,208,194,68
334,sections/49_7_menu_more.md,208,197,44
335,sections/49_7_menu_more.md,208,179,43
336,sections/49_7_menu_more.md,208,368,142
337,sections/49_7_menu_more.md,208,455,184
338,sections/49_7_menu_more.md,208,103,24
339,sections/49_7_menu_more.md,208,521,232
340,sections/50_1_engine_troubleshooting.md,219,4031,1089
341,sections/51_2_brake_troubleshooting.md,222,550,174
342,sections/52_3_clutch_troubleshooting.md,222,409,150
343,sections/53_4_steering_wheel_troubleshooting.md,223,613,186
344,sections/54_5_hydraulic_system_troubleshooting.md,223,985,300
345,sections/55_6_electric_system_troubleshooting.md,224,1328,376
346,sections/56_7_air_conditioner_troubleshooting.md,225,1824,616
347,sections/57_1_standard_for_farmwork.md,227,290,64
348,sections/57_1_standard_for_farmwork.md,227,1971,468
349,sections/57_1_standard_for_farmwork.md,227,565,136
350,sections/57_1_standard_for_farmwork.md,227,1634,374
351,sections/57_1_standard_for_farmwork.md,227,1213,303
352,sections/57_1_standard_for_farmwork.md,227,599,148
353,sections/57_1_standard_for_farmwork.md,227,2336,562
354,sections/57_1_standard_for_farmwork.md,227,16615,9699
355,sections/58_2_travelling_speed_table.md,237,1179,592
356,sections/59_3_major_consumables.md,238,826,458
357,sections/60_4_emission_system_warranty.md,239,504,202
358,sections/60_4_emission_system_warranty.md,239,1816,590
359,sections/60_4_emission_system_warranty.md,239,1405,317
360,sections/60_4_emission_system_warranty.md,239,688,156
361,sections/61_5_statements.md,242,1413,314
362,sections/61_5_statements.md,242,21077,8739
